{
  "name": "Placeholder",
  "pp": 1461.4028097700739,
  "accuracy": 0.9441072532095459,
  "level": 37,
  "percentToNextLevel": 0.24346976576576576,
  "totalScore": "33753628",
  "totalPPScores": 265
}